"commonname","speciesname"
"Deepsea Skate","Bathyraja abyssicola"
"Blacktip Shark","Carcharhinus limbatus"
"Dusky Shark","Carcharhinus obscurus"
"Sandbar Shark","Carcharhinus plumbeus"
"Sand Tiger Shark","Carcharias taurus"
"White Shark","Carcharodon carcharias"
"Basking Shark","Cetorhinus maximus"
"Kitefin Shark","Dalatias licha"
"Bluntnose Sixgill Shark","Hexanchus griseus"
"Porbeagle","Lamna nasus"
"Smalltooth Sawfish","Pristis pectinata"
"Whale Shark","Rhincodon typus"
"Broadnose Sevengill Shark","Notorynchus cepedianus"
"Common Sawshark","Pristiophorus cirratus"
"Pacific Angel Shark","Squatina californica"
"Argentine Angelshark","Squatina argentina"
"Hidden Angelshark","Squatina occulta"
"Angelshark","Squatina squatina"
"Horn Shark","Heterodontus francisci"
"Port Jackson Shark","Heterodontus portusjacksoni"
"Colclough's Shark","Brachaelurus colcloughi"
"Bigeye Sand Tiger","Odontaspis noronhai"
"Crocodile Shark","Pseudocarcharias kamoharai"
"Megamouth Shark","Megachasma pelagios"
"Common Thresher","Alopias vulpinus"
"Shortfin Mako","Isurus oxyrinchus"
"Salmon Shark","Lamna ditropis"
"Happy Eddie","Haploblepharus edwardsii"
"Brown Shyshark","Haploblepharus fuscus"
"Narrowmouth Catshark","Schroederichthys bivius"
"Pyjama Shark","Poroderma africanum"
"Yellowspotted Catshark","Scyliorhinus capensis"
"Barbeled Houndshark","Leptocharias smithii"
"Whiskery Shark","Furgaleus macki"
"Tope","Galeorhinus galeus"
"Whitefin Topeshark","Hemitriakis leucoperiptera"
"Pencil Shark","Hypogaleus hyugaensis"
"Gummy Shark","Mustelus antarcticus"
"Rig","Mustelus lenticulatus"
"Starry Smoothhound","Mustelus asterias"
"Common Smoothhound","Mustelus mustelus"
"Dusky Smoothhound","Mustelus canis"
"Flapnose Houndshark","Scylliogaleus quecketti"
"Sharpfin Houndshark","Triakis acutipinna"
"Spotted Gully Shark","Triakis megalopterus"
"Leopard Shark","Triakis semifasciata"
"Grey Reef Shark","Carcharhinus amblyrhynchos"
"Pigeye Shark","Carcharhinus amboinensis"
"Borneo Shark","Carcharhinus borneensis"
"Spinner Shark","Carcharhinus brevipinna"
"Pondicherry Shark","Carcharhinus hemiodon"
"Silky Shark","Carcharhinus falciformis"
"Smoothtooth Blacktip Shark","Carcharhinus leiodon"
"Bull Shark","Carcharhinus leucas"
"Blacktip Shark","Carcharhinus limbatus"
"Oceanic Whitetip Shark","Carcharhinus longimanus"
"Blacktip Reef Shark","Carcharhinus melanopterus"
"Sandbar Shark","Carcharhinus plumbeus"
"Tiger Shark","Galeocerdo cuvier"
"Speartooth Shark","Glyphis glyphis"
"Lemon Shark","Negaprion brevirostris"
"Blue Shark","Prionace glauca"
"Atlantic Sharpnose Shark","Rhizoprionodon terraenovae"
"Whitetip Reef Shark","Triaenodon obesus"
"Scalloped Hammerhead","Sphyrna lewini"
"Great Hammerhead","Sphyrna mokarran"
"Bonnethead Shark","Sphyrna tiburo"
"Smooth Hammerhead","Sphyrna zygaena"
"Narrow Sawfish","Anoxypristis cuspidata"
"Dwarf Sawfish","Pristis clavata"
"Green Sawfish","Pristis zijsron"
"Whitespotted Wedgefish","Rhynchobatus djiddensis"
"Pacific Torpedo","Tetronarce californica"
"Thornback Skate","Raja clavata"
"Smalleyed Skate","Raja microocellata"
"Bigtooth River Stingray","Potamotrygon henlei"
"Xingu Freshwater Stingray","Potamotrygon leopoldi"
"Ocellate River Stingray","Potamotrygon motoro"
"Smooth Stingray","Fontitrygon garouaensis"
"Mekong Stingray","Hemitrygon laosensis"
"Giant Freshwater Whipray","Urogymnus polylepis"
"White-edge Whipray","Fluvitrygon signifer"
"Porcupine Ray","Urogymnus asperrimus"
"Thorny Whipray","Fontitrygon ukpam"
"Bat Ray","Myliobatis californicus"
"Angular Angel Shark","Squatina guggenheim"
"Broadnose Sevengill","Notorynchus cepedianus"
"Pigeye Shark","Carcharhinus amboinensis"
"Spinner Shark","Carcharhinus brevipinna"
"Barndoor Skate","Dipturus laevis"
"Graceful Shark","Carcharhinus amblyrhynchoides"
"Brazilian Guitarfish","Pseudobatos horkelii"
"White-bodied Catshark","Apristurus albisoma"
"New Zealand Catshark","Apristurus exsanguis"
"Grey Spotted Catshark","Asymbolus analis"
"Blotched Catshark","Asymbolus funebris"
"Western Spotted Catshark","Asymbolus occiduus"
"Pale Spotted Catshark","Asymbolus pallidus"
"Dwarf Catshark","Asymbolus parvus"
"Orange Spotted Catshark","Asymbolus rubiginosus"
"Variegated Catshark","Asymbolus submaculatus"
"Gulf Catshark","Asymbolus vincenti"
"Banded Catshark","Atelomycterus fasciatus"
"Australian Marbled Catshark","Atelomycterus macleayi"
"Coral Catshark","Atelomycterus marmoratus"
"Black Spotted Catshark","Aulohalaelurus labiosus"
"Blind Shark","Brachaelurus waddi"
"Nervous Shark","Carcharhinus cautus"
"Creek Whaler","Carcharhinus fitzroyensis"
"Galapagos Shark","Carcharhinus galapagensis"
"Hardnose Shark","Carcharhinus macloti"
"Blackspot Shark","Carcharhinus sealei"
"Australian Blacktip Shark","Carcharhinus tilstoni"
"Harrisson's Dogfish","Centrophorus harrissoni"
"Copper Shark","Carcharhinus brachyurus"
"Bronze Whaler","Carcharhinus brachyurus"
"Elephant Fish","Callorhinchus milii"
"Little Gulper Shark","Centrophorus uyato"
"Bareskin Dogfish","Centroscyllium kamoharai"
"Portuguese Dogfish","Centroscymnus coelolepis"
"Roughskin Dogfish","Centroscymnus owstonii"
"Carpet Shark","Cephaloscyllium isabellum"
"Australian Swellshark","Cephaloscyllium laticeps"
"Slender Bambooshark","Chiloscyllium indicum"
"Grey Bamboo Shark","Chiloscyllium griseum"
"Leopard Chimaera","Chimaera panthera"
"Frilled Shark","Chlamydoselachus anguineus"
"Mandarin Shark","Cirrhigaleus barbifer"
"Estuary Stingray","Hemitrygon fluviorum"
"Birdbeak Dogfish","Deania calcea"
"Smooth Skate","Dipturus innominatus"
"Rough Skate","Dipturus nasutus"
"Bramble Shark","Echinorhinus brucus"
"Prickly Shark","Echinorhinus cookei"
"Tailspot Lanternshark","Etmopterus caudistigmus"
"Pink Lanternshark","Etmopterus dianthus"
"Lined Lanternshark","Etmopterus dislineatus"
"Blackmouth Lanternshark","Etmopterus evansi"
"Pygmy Lanternshark","Etmopterus fusus"
"False Pygmy Shark","Etmopterus pseudosqualiolus"
"Winghead Shark","Eusphyra blochii"
"Australian Sawtail Shark","Figaro boardmani"
"Slender Sawtail Shark","Galeus gracilis"
"Sailback Houndshark","Gogolia filewoodi"
"Slender Smoothhound","Gollum attenuatus"
"Sickelfin Weasel Shark","Hemigaleus microstoma"
"Epaulette Shark","Hemiscyllium ocellatum"
"Hooded Carpet Shark","Hemiscyllium strahani"
"Speckled Carpetshark","Hemiscyllium trispeculare"
"Darksnout Hound Shark","Hemitriakis abdita"
"Sicklefin Hound Shark","Hemitriakis falcata"
"Sharpnose Sevengill Shark","Heptranchias perlo"
"Crested Hornshark","Heterodontus galeatus"
"Barred Bullhead Shark","Heterodontus zebra"
"Pale Ghostshark","Hydrolagus bemisi"
"Dark Ghostshark","Hydrolagus novaezealandiae"
"Coffin Ray","Hypnos monopterygius"
"Longnose Hound Shark","Iago garricki"
"Cookie-cutter Shark","Isistius brasiliensis"
"Sliteye Shark","Loxodon macrorhinus"
"Longhorned Pygmy Devil Ray","Mobula eregoodoo"
"Tawny Nurse Shark","Nebrius ferrugineus"
"Sharptooth Lemon Shark","Negaprion acutidens"
"Spotted Wobbegong","Orectolobus maculatus"
"Ornate Wobbegong","Orectolobus ornatus"
"Northern Wobbegong","Orectolobus wardi"
"Prickly Dogfish","Oxynotus bruniensis"
"Collared Carpetshark","Parascyllium collare"
"Rusty Carpetshark","Parascyllium ferrugineum"
"Ginger Carpetshark","Parascyllium sparsimaculatum"
"Varied Carpetshark","Parascyllium variolatum"
"McMillan's Catshark","Parmaturus macmillani"
"Southern Sawshark","Pristiophorus nudipinnis"
"Bowmouth Guitarfish","Rhina ancylostoma"
"Milk Shark","Rhizoprionodon acutus"
"Grey Sharpnose Shark","Rhizoprionodon oligolinx"
"Australian Sharpnose Shark","Rhizoprionodon taylori"
"Bottlenose Wedgefish","Rhynchobatus australiae"
"Smoothnose Wedgefish","Rhynchobatus laevis"
"Whitetail Dogfish","Scymnodalatias albicauda"
"Sherwood's Dogfish","Scymnodalatias sherwoodi"
"Southern Sleeper Shark","Somniosus antarcticus"
"Smalleye Pygmy Shark","Squaliolus aliae"
"Blacktailed Spurdog","Squalus melanurus"
"Cyrano Spurdog","Squalus rancureli"
"Australian Angel Shark","Squatina australis"
"Ornate Angel Shark","Squatina tergocellata"
"Cobbler Wobbegong","Sutorectus tentaculatus"
"Eastern Fiddler Ray","Trygonorrhina fasciata"
"New Caledonia Catshark","Aulohalaelurus kanakorum"
"Leafscale Gulper Shark","Centrophorus squamosus"
"Grey Carpetshark","Chiloscyllium punctatum"
"Tasselled Wobbegong","Eucrossorhinus dasypogon"
"Snaggletooth Shark","Hemipristis elongata"
"Papuan Epaulette Shark","Hemiscyllium hallstromi"
"Smalltooth Sand Tiger","Odontaspis ferox"
"Zebra Shark","Stegostoma tigrinum"
"Fleshynose Catshark","Apristurus melanoasper"
"Roughskin Catshark","Apristurus ampliceps"
"Bighead Catshark","Apristurus bucephalus"
"Pinocchio Catshark","Apristurus australis"
"Whitefin Swellshark","Cephaloscyllium albipinnum"
"Saddled Swellshark","Cephaloscyllium variegatum"
"Narrowbar Swellshark","Cephaloscyllium zebrum"
"Speckled Swellshark","Cephaloscyllium speccum"
"Northern Sawtail Shark","Figaro striatus"
"Northern River Shark","Glyphis garricki"
"Rusty Catshark","Halaelurus sellus"
"Western Spotted Gummy Shark","Mustelus stevensi"
"Western Wobbegong","Orectolobus hutchinsi"
"Short-tail Catshark","Parmaturus bigus"
"Tropical Sawshark","Pristiophorus delicatus"
"Goldeneye Shovelnose Ray","Rhinobatos sainsburyi"
"Bartail Spurdog","Squalus notocaudatus"
"Eastern Highfin Spurdog","Squalus albifrons"
"Fatspine Spurdog","Squalus crassispinus"
"Western Longnose Spurdog","Squalus nasutus"
"Eastern Longnose Spurdog","Squalus grahami"
"Western Angel Shark","Squatina pseudocellata"
"Eastern Angel Shark","Squatina albipunctata"
"Kapala Stingaree","Urolophus kapalensis"
"Little Gulper Shark","Centrophorus uyato"
"Epaulette Shark","Hemiscyllium ocellatum"
"Sharptooth Lemon Shark","Negaprion acutidens"
"Endeavour Dogfish","Centrophorus moluccensis"
"Spotted Ragged-tooth Shark","Carcharias taurus"
"Spotted Ragged-tooth Shark","Carcharias taurus"
"Spiny Dogfish","Squalus acanthias"
"Spiny Dogfish","Squalus acanthias"
"Dawson's Catshark","Bythaelurus dawsoni"
"Sombre Catshark","Bythaelurus incanus"
"Big Skate","Beringraja binoculata"
"Marbled Whipray","Fluvitrygon oxyrhynchus"
"Western Shovelnose Ray","Aptychotrema vincentiana"
"Viper Dogfish","Trigonognathus kabeyai"
"Japanese Roughshark","Oxynotus japonicus"
"White Ghost Catshark","Apristurus aphyodes"
"Brown Catshark","Apristurus brunneus"
"Stout Catshark","Apristurus fedorovi"
"Humpback Catshark","Apristurus gibbosus"
"Longfin Catshark","Apristurus herklotsi"
"Shortnose Demon Catshark","Apristurus internatus"
"Broadnose Catshark","Apristurus investigatoris"
"Longnose Catshark","Apristurus kampae"
"Iceland Catshark","Apristurus laurussonii"
"Longhead Catshark","Apristurus longicephalus"
"Flathead Catshark","Apristurus macrorhynchus"
"Broadmouth Catshark","Apristurus macrostomus"
"Smalldorsal Catshark","Apristurus micropterygeus"
"Smallfin Catshark","Apristurus parvipinnis"
"Bulldog Catshark","Apristurus pinguis"
"Flatnose Catshark","Apristurus platyrhynchus"
"Deepwater Catshark","Apristurus profundorum"
"South China Catshark","Apristurus sinensis"
"Spongehead Catshark","Apristurus spongiceps"
"Arabian Catshark","Bythaelurus alcockii"
"Bristly Catshark","Bythaelurus hispidus"
"Spotless Catshark","Bythaelurus immaculatus"
"Combtooth Dogfish","Centroscyllium nigrum"
"Pocket Shark","Mollisquama parini"
"Blackfin Gulper Shark","Centrophorus isodon"
"Rasptooth Dogfish","Etmopterus sheikoi"
"Goblin Shark","Mitsukurina owstoni"
"False Catshark","Pseudotriakis microdon"
"Granular Dogfish","Centroscyllium granulatum"
"Caribbean Roughshark","Oxynotus caribbaeus"
"Sparsetooth Dogfish","Scymnodalatias oligodon"
"Chilean Angelshark","Squatina armata"
"Hoary Catshark","Apristurus canutus"
"Largenose Catshark","Apristurus nasutus"
"Panama Ghost Catshark","Apristurus stenseni"
"Spotback Skate","Atlantoraja castelnaui"
"Slimtail Skate","Bathyraja longicauda"
"Krefft's Blind Numbfish","Benthobatis kreffti"
"Southern Sawtail Catshark","Galeus mincaronei"
"Galápagos Bullhead Shark","Heterodontus quoyi"
"Sharptooth Smoothhound","Mustelus dorsalis"
"Striped Smoothhound","Mustelus fasciatus"
"Blotched Sandskate","Psammobatis bergi"
"Zipper Sandskate","Psammobatis extenta"
"Pacific Guitarfish","Pseudobatos planiceps"
"Chilean Catshark","Schroederichthys chilensis"
"Lizard Catshark","Schroederichthys saurisqualus"
"Slender Catshark","Schroederichthys tenuis"
"Whitesaddled Catshark","Scyliorhinus hesperius"
"Scalloped Bonnethead","Sphyrna corona"
"Longnose Stingray","Hypanus guttatus"
"Parana River Stingray","Potamotrygon schuemacheri"
"Raspy River Stingray","Potamotrygon scobina"
"Brazilian Cownose Ray","Rhinoptera brasiliensis"
"Shorttail Fanskate","Sympterygia brevicaudata"
"Smallnose Fanskate","Sympterygia bonapartii"
"Smalleye Round Ray","Urotrygon microphthalmum"
"Ghost Catshark","Apristurus manis"
"Spotted Legskate","Anacanthobatis marmorata"
"Black Legskate","Indobatis ori"
"Saldanha Catshark","Apristurus saldanha"
"Taillight Shark","Euprotomicroides zantedeschia"
"Broadhead Catshark","Bythaelurus clevai"
"Balloon Shark","Cephaloscyllium sufflans"
"Blackspot Skate","Dipturus campbelli"
"Rattail Skate","Dipturus lanceorostratus"
"Slime Skate","Dipturus pullopunctatus"
"Prownose Skate","Dipturus stenorhynchus"
"African Ribbontail Catshark","Eridacnis sinuans"
"Lined Catshark","Halaelurus lineatus"
"Tiger Catshark","Halaelurus natalensis"
"Whitespotted Bullhead Shark","Heterodontus ramalheira"
"South African Dwarf Skate","Neoraja stehmanni"
"Shorttail Nurse Shark","Pseudoginglymostoma brevicaudatum"
"Munchkin Skate","Rajella caudaspinosa"
"Leopard Skate","Rajella leoparda"
"Smoothback Skate","Rajella ravidula"
"Blackspotted Torpedo","Torpedo fuscomaculata"
"Broadgill Catshark","Apristurus riveri"
"Smallthorn Sandskate","Psammobatis rudis"
"Bignose Fanskate","Sympterygia acuta"
"Filetail Fanskate","Sympterygia lima"
"Thintail Skate","Dipturus leptocaudus"
"Brazilian Skate","Rajella sadowskii"
"Chilean Round Ray","Urobatis marmoratus"
"Chilean Round Ray","Urotrygon chilensis"
"African Sawtail Catshark","Galeus polli"
"Bigthorn Skate","Rajella barnardi"
"Ghost Skate","Rajella dissimilis"
"Thickbody Skate","Amblyraja frerichsi"
"Hooktooth Dogfish","Aculeola nigra"
"Dusky Finless Skate","Gurgesiella furvescens"
"Blackish Skate","Rajella nigerrima"
"Onefin Skate","Gurgesiella dorsalifera"
"Smalleye Catshark","Apristurus microps"
"Brazilian Sharpnose Shark","Rhizoprionodon lalandii"
"Apron Numbfish","Discopyge tschudii"
"Apron Ray","Discopyge tschudii"
"Apron Ray","Discopyge tschudii"
"African Angelshark","Squatina africana"
"Large-eye Stingray","Hypanus marianae"
"Longnose Velvet Dogfish","Centroselachus crepidater"
"Plunket's Shark","Scymnodon plunketi"
"Yellow Shovelnose Stingaree","Trygonoptera galba"
"Eastern Shovelnose Stingaree","Trygonoptera imitata"
"Western Shovelnose Stingaree","Trygonoptera mucosa"
"Striped Stingaree","Trygonoptera ovalis"
"Masked Stingaree","Trygonoptera personata"
"Common Stingaree","Trygonoptera testacea"
"New Ireland Stingaree","Spinilophus armatus"
"Oriental Stingaree","Urolophus aurantiacus"
"Sandyback Stingaree","Urolophus bucculentus"
"Circular Stingaree","Urolophus circularis"
"Banded Stingaree","Urolophus cruciatus"
"Chesterfield Stingaree","Urolophus deforgesi"
"Wide Stingaree","Urolophus expansus"
"Patchwork Stingaree","Urolophus flavomosaicus"
"Spotted Stingaree","Urolophus gigas"
"Java Stingaree","Urolophus javanicus"
"Kai Stingaree","Urolophus kaianus"
"Lobed Stingaree","Urolophus lobatus"
"Mitotic Stingaree","Urolophus mitosis"
"New Caledonian Stingaree","Urolophus neocaledoniensis"
"Coastal Stingaree","Urolophus orarius"
"Butterfly Stingaree","Urolophus papilio"
"Sparsely-spotted Stingaree","Urolophus paucimaculatus"
"Coral Sea Stingaree","Urolophus piperatus"
"Yellowback Stingaree","Urolophus sufflavus"
"Greenback Stingaree","Urolophus viridis"
"Brown Stingaree","Urolophus westraliensis"
"Bullseye Round Ray","Urobatis concentricus"
"Round Stingray","Urobatis halleri"
"Yellow Stingray","Urobatis jamaicensis"
"Spotted Round Ray","Urobatis maculatus"
"Giant Stingaree","Plesiobatis daviesi"
"Thornback Ray","Platyrhinoidis triseriata"
"Zonetail Butterfly Ray","Gymnura zonura"
"Diamond Ray","Gymnura natalensis"
"Longtail Butterfly Ray","Gymnura poecilura"
"Madagascar Skate","Dipturus crosnieri"
"Mottled Eagle Ray","Aetomylaeus maculatus"
"Ornate Eagle Ray","Aetomylaeus vespertilio"
"Chilean Eagle Ray","Myliobatis chilensis"
"Purple Eagle Ray","Myliobatis hamlyni"
"Longnose Eagle Ray","Myliobatis longirostris"
"Peruvian Eagle Ray","Myliobatis peruvianus"
"Duckbill Eagle Ray","Aetomylaeus bovinus"
"American Cownose Ray","Rhinoptera bonasus"
"Javanese Cownose Ray","Rhinoptera javanica"
"Pacific Cownose Ray","Rhinoptera steindachneri"
"Aden Torpedo","Torpedo adenensis"
"Caribbean Torpedo","Torpedo andersoni"
"Panther Torpedo","Torpedo panthera"
"Argentine Torpedo","Tetronarce puelcha"
"Gulf Torpedo","Torpedo sinuspersici"
"St. Joseph","Callorhinchus capensis"
"Smallspine Spookfish","Harriotta haeckeli"
"Narrownose Chimaera","Harriotta raleighana"
"Dwarf Sicklefin Chimaera","Neoharriotta carri"
"Sicklefin Chimaera","Neoharriotta pinnata"
"Arabian Sicklefin Chimaera","Neoharriotta pumila"
"Paddlenose Spookfish","Rhinochimaera africana"
"Atlantic Longnose Chimaera","Rhinochimaera atlantica"
"Pacific Spookfish","Rhinochimaera pacifica"
"Sharpnose Ray","Telatrygon acutirostra"
"Red Stingray","Hemitrygon akajei"
"Plain Maskray","Neotrygon annotata"
"Colares Stingray","Fontitrygon colarensis"
"Diamond Stingray","Hypanus dipterurus"
"Wingfin Stingray","Fontitrygon geijskesi"
"Groovebelly Stingray","Dasyatis hypostigma"
"Izu Stingray","Hemitrygon izuensis"
"Painted Maskray","Neotrygon leylandi"
"Longtail Stingray","Hypanus longus"
"Atlantic Stingray","Hypanus sabinus"
"Bluntnose Stingray","Hypanus say"
"Atlantic Chupare","Styracura schmardae"
"Blotched Fantail Ray","Taeniurops meyeni"
"Lesser Guitarfish","Acroteriobatus annulatus"
"Bluntnose Guitarfish","Acroteriobatus blochii"
"Sharpnose Guitarfish","Glaucostegus granulatus"
"Ringed Guitarfish","Rhinobatos hynnicephalus"
"Whitesnout Guitarfish","Pseudobatos leucorhynchus"
"Bareback Guitarfish","Rhinobatos nudidorsalis"
"Widenose Guitarfish","Glaucostegus obtusus"
"Shovelnose Guitarfish","Pseudobatos productus"
"Salalah Guitarfish","Acroteriobatus salalah"
"Clubnose Guitarfish","Glaucostegus thouin"
"Zanzibar Guitarfish","Acroteriobatus zanzibarensis"
"Banded Guitarfish","Zapteryx exasperata"
"Southern Banded Guitarfish","Zapteryx xyster"
"Spotted Shovelnose Ray","Aptychotrema timorensis"
"African Wedgefish","Rhynchobatus luebberti"
"Clown Wedgefish","Rhynchobatus cooki"
"Broadnose Wedgefish","Rhynchobatus springeri"
"Cuban Chimaera","Chimaera cubana"
"Jordan’s Chimaera","Chimaera jordani"
"Giant Chimaera","Chimaera lignaria"
"Owston’s Chimaera","Chimaera owstoni"
"Silver Chimaera","Chimaera phantasma"
"African Chimaera","Hydrolagus africanus"
"Gulf Chimaera","Hydrolagus alberti"
"Ninespot Chimaera","Hydrolagus barbouri"
"Spotted Ratfish","Hydrolagus colliei"
"Bigeye Chimaera","Hydrolagus macrophthalmus"
"Mitsukuri's Chimaera","Hydrolagus mitsukurii"
"Purple Chimaera","Hydrolagus purpurescens"
"Abyssal Ghostshark","Hydrolagus trolli"
"Munk's Pygmy Devil Ray","Mobula munkiana"
"Sicklefin Devil Ray","Mobula tarapacana"
"Bentfin Devil Ray","Mobula thurstoni"
"Scoophead Shark","Sphyrna media"
"Smalleye Hammerhead","Sphyrna tudes"
"Narrownose Smoothhound","Mustelus schmitti"
"Smalleye Smoothhound","Mustelus higmani"
"Venezuelan Dwarf Smoothhound","Mustelus minicanis"
"Gulf of Mexico Smoothhound","Mustelus sinusmexicanus"
"Mosaic Gulper Shark","Centrophorus tessellatus"
"Roughskin Spurdog","Cirrhigaleus asper"
"Pygmy Shark","Euprotomicrus bispinatus"
"Longnose Pygmy Shark","Heteroscymnoides marleyi"
"Largetooth Cookiecutter Shark","Isistius plutodus"
"Greenland Shark","Somniosus microcephalus"
"Spined Pygmy Shark","Squaliolus laticaudus"
"Velvet Dogfish","Zameus squamulosus"
"Steindachner's Dogfish","Centrophorus granulosus"
"Caribbean Reef Shark","Carcharhinus perezi"
"Daggernose Shark","Isogomphodon oxyrhynchus"
"Night Shark","Carcharhinus signatus"
"Night Shark","Carcharhinus signatus"
"Nurse Shark","Ginglymostoma cirratum"
"Longfin Mako","Isurus paucus"
"Bahamas Sawshark","Pristiophorus schroederi"
"Swell Shark","Cephaloscyllium ventriosum"
"Peppered Catshark","Galeus piperatus"
"Crying Izak Catshark","Holohalaelurus melanostigma"
"Campeche Catshark","Parmaturus campechiensis"
"Filetail Catshark","Parmaturus xaniurus"
"Blotched Catshark","Scyliorhinus meadi"
"Chain Catshark","Scyliorhinus retifer"
"West African Catshark","Scyliorhinus cervigoni"
"Mexican Hornshark","Heterodontus mexicanus"
"Blurred Lanternshark","Etmopterus bigelowi"
"Lined Lanternshark","Etmopterus bullisi"
"Cylindrical Lanternshark","Etmopterus carteri"
"Caribbean Lanternshark","Etmopterus hillianus"
"Dwarf Lanternshark","Etmopterus perryi"
"African Lanternshark","Etmopterus polli"
"Great Lanternshark","Etmopterus princeps"
"West Indian Lanternshark","Etmopterus robinsi"
"Thorny Lanternshark","Etmopterus sentosus"
"Green Lanternshark","Etmopterus virens"
"Fringefin Lanternshark","Etmopterus schultzi"
"Whitespot Smoothhound","Mustelus palumbes"
"Eyespot Skate","Atlantoraja cyclophora"
"Aguja Skate","Bathyraja aguja"
"Dusky Catshark","Bythaelurus canescens"
"Colombian Dwarf Numbfish","Diplobatis colombiensis"
"Venezuelan Dwarf Numbfish","Diplobatis guamachensis"
"Pacific Dwarf Numbfish","Diplobatis ommata"
"Painted Dwarf Numbfish","Diplobatis picta"
"Maltese Skate","Leucoraja melitensis"
"Shortlip Numbfish","Narcine brevilabiata"
"Caribbean Sharpnose Shark","Rhizoprionodon porosus"
"White Skate","Rostroraja alba"
"Spiny Dogfish","Squalus acanthias"
"Spiny Dogfish","Squalus acanthias"
"Spiny Dogfish","Squalus acanthias"
"Spiny Dogfish","Squalus acanthias"
"Spiny Dogfish","Squalus acanthias"
"Cuban Dogfish","Squalus cubensis"
"Sawback Angelshark","Squatina aculeata"
"Smoothback Angelshark","Squatina oculata"
"Shortnose Guitarfish","Zapteryx brevirostris"
"Longnosed Skate","Dipturus oxyrinchus"
"Spade Sandskate","Psammobatis rutrum"
"Whitedotted Skate","Bathyraja albomaculata"
"Pale Chimaera","Hydrolagus pallidus"
"Large-eyed Rabbitfish","Hydrolagus mirabilis"
"Cousseau's Skate","Bathyraja cousseauae"
"American Elephantfish","Callorhinchus callorynchus"
"Broadbanded Lanternshark","Etmopterus gracilispinis"
"Rio Skate","Rioraja agassizii"
"La Plata Skate","Atlantoraja platana"
"Broadnose Skate","Bathyraja brachyurops"
"Atlantic Butterfly Skate","Bathyraja papilionifera"
"Graytail Skate","Bathyraja griseocauda"
"Rabbitfish","Chimaera monstrosa"
"Pallid Skate","Bathyraja pallida"
"Roughskin Skate","Dipturus trachydermus"
"Patagonian Skate","Bathyraja macloviana"
"Arctic Skate","Amblyraja hyperborea"
"Starry Skate","Raja asterias"
"Freckle Sandskate","Psammobatis lentiginosa"
"Southern Thorny Skate","Amblyraja doellojuradoi"
"Small-eyed Rabbitfish","Hydrolagus affinis"
"Menni's Skate","Dipturus mennii"
"Krefft’s Skate","Malacoraja kreffti"
"Prickle Skate","Malacoraja spinacidermis"
"Richardson’s Skate","Bathyraja richardsoni"
"Speckled Smoothhound","Mustelus mento"
"Humpback Smoothhound","Mustelus whitneyi"
"Spotted Houndshark","Triakis maculata"
"Common Guitarfish","Rhinobatos rhinobatos"
"Brazilian Soft Skate","Malacoraja obscura"
"Tumbes Round Ray","Urobatis tumbesensis"
"Ecuador Skate","Dipturus ecuadoriensis"
"Whitemouth Skate","Bathyraja schroederi"
"Raspthorn Sandskate","Psammobatis scobina"
"Angular Roughshark","Oxynotus centrina"
"Caribbean Numbfish","Narcine bancroftii"
"Magellan Skate","Bathyraja magellanica"
"Multispine Skate","Bathyraja multispinis"
"Cuphead Skate","Bathyraja scaphiops"
"Spotted Skate","Raja montagui"
"Peruvian Skate","Bathyraja peruana"
"Atlantic Sawtail Catshark","Galeus atlanticus"
"Striped Rabbitfish","Hydrolagus matallanasi"
"Spiny Butterfly Ray","Gymnura altavela"
"Leopard Numbfish","Narcine leoparda"
"Venezuela Skate","Rostroraja cervigoni"
"Venezuelan Round Ray","Urotrygon venezuelae"
"Lesser Numbfish","Narcine brasiliensis"
"Gorgona Guitarfish","Pseudobatos prahli"
"Smalleye Lanternshark","Etmopterus litvinovi"
"Densescale Lanternshark","Etmopterus pycnolepis"
"Atlantic Finless Skate","Gurgesiella atlantica"
"Galápagos Skate","Rajella eisenhardti"
"Grey Nurse Shark","Carcharias taurus"
"Galapagos Ghostshark","Hydrolagus mccoskeri"
"Grey Gummy Shark","Mustelus ravidus"
"Indonesian Guitarfish","Rhinobatos penggali"
"Jimbaran Guitarfish","Rhinobatos jimbaranensis"
"Maugean Skate","Dipturus maugeanus"
"Western Highfin Spurdog","Squalus altipinnis"
"Edmunds’ Spurdog","Squalus edmundsi"
"Caribbean Blind Numbfish","Benthobatis marcida"
"Freckle Skate","Leucoraja lentiginosa"
"Butterfly Skate","Bathyraja mariposa"
"Whitespotted Guitarfish","Rhinobatos albomaculatus"
"Southern Mandarin Shark","Cirrhigaleus australis"
"Bigmouth Skate","Amblyraja robertsi"
"Whitespot Ghostshark","Hydrolagus alphus"
"Clouded Angelshark","Squatina nebulosa"
"Broadnose Lanternshark","Etmopterus burgessi"
"Marbled Torpedo Ray","Torpedo marmorata"
"White-spotted Skate","Dentiraja cerva"
"Cuban Ribbontail Catshark","Eridacnis barbouri"
"Hook Skate","Dactylobatus clarkii"
"Dwarf Sawtail Catshark","Galeus schultzi"
"Gray Smooth-hound","Mustelus californicus"
"Rogers' Round Ray","Urotrygon rogersi"
"Boa Catshark","Scyliorhinus boa"
"Allens Skate","Pavoraja alleni"
"Cortez Skate","Beringraja cortezensis"
"Rough Skate","Raja radula"
"Reverse Skate","Amblyraja reversa"
"Smoothnose Pygmy Skate","Cruriraja durbanensis"
"Australian Butterfly Ray","Gymnura australis"
"Cape Verde Skate","Raja herwigi"
"Rasptail Skate","Rostroraja velezi"
"Deepwater Skate","Rajella bathyphila"
"Banded Numbfish","Narcinops westraliensis"
"West African Dwarf Skate","Neoraja africana"
"Siboga Pygmy Skate","Fenestraja sibogae"
"Indian Blind Numbfish","Benthobatis moresbyi"
"Whiteblotched Skate","Bathyraja maculata"
"Barbelthroat Carpetshark","Cirrhoscyllium expolitum"
"Reticulated Freshwater Stingray","Potamotrygon falkneri"
"Acutenose Skate","Dipturus tengu"
"Whitenose Shark","Nasolamia velox"
"Japanese Eagle Ray","Myliobatis tobijei"
"Blackbodied Legskate","Sinobatis melanosoma"
"Plain Pygmy Skate","Fenestraja ishiyamai"
"Greeneye Spurdog","Squalus chloroculus"
"Sailfin Roughshark","Oxynotus paradoxus"
NA,"Potamotrygon marinae"
"Japanese Velvet Dogfish","Scymnodon ichiharai"
"Gecko Catshark","Galeus eastmani"
"Tiger Ray","Potamotrygon schroederi"
"Spinytail Skate","Bathyraja spinicauda"
"Japanese Catshark","Apristurus japonicus"
"Ocellate Topeshark","Hemitriakis complicofasciata"
"Peacock Skate","Pavoraja nitida"
"Bigelow's Skate","Rajella bigelowi"
"Little-eyed Skate","Bathyraja andriashevi"
"Chola Guitarfish","Pseudobatos percellens"
"Broadfoot Pygmy Skate","Cruriraja cadenati"
"Roughtail Skate","Bathyraja trachura"
"Spottail Shark","Carcharhinus sorrah"
"Sail Skate","Rajella lintea"
"Blacknose Shark","Carcharhinus acronotus"
"Sarawak Pygmy Swell Shark","Cephaloscyllium sarawakensis"
"Whitebrow Skate","Bathyraja minispinosa"
"Longnose Deepsea Skate","Bathyraja shuntovi"
"Iberian Pygmy Skate","Neoraja iberica"
"Dwarf Gulper Shark","Centrophorus atromarginatus"
"Magdalena Freshwater Stingray","Potamotrygon magdalenae"
"Abyssal Skate","Bathyraja ishiharai"
"Velvet Belly Lanternshark","Etmopterus spinax"
"Eastern Looseskin Skate","Insentiraja laxipella"
"Murray's Skate","Bathyraja murrayi"
"Whiteleg Skate","Amblyraja taaf"
"Giant Skate","Dipturus gigas"
"Fake Round Ray","Urotrygon simulatrix"
"Banded Houndshark","Triakis scyllium"
"Roughskin Bullray","Aetomylaeus asperrimus"
"Ocellate Torpedo","Torpedo torpedo"
"Blackmouth Catshark","Galeus melastomus"
"Kwangtung Skate","Dipturus kwangtungensis"
"Bering Skate","Bathyraja interrupta"
"Pacific Sleeper Shark","Somniosus pacificus"
"Philippine Spurdog","Squalus montalbani"
"Slender Guitarfish","Rhinobatos holcorhynchus"
"Blacktip Sawtail Catshark","Galeus sauteri"
"Slendertail Lanternshark","Etmopterus molleri"
"Halavi Guitarfish","Glaucostegus halavi"
"Spineback Guitarfish","Rhinobatos irvinei"
"Indonesian Shortnose Spurdog","Squalus hemipinnis"
"West African Torpedo","Torpedo mackayana"
"Blue Deepsea Skate","Brochiraja leviveneta"
"Mould's Skate","Breviraja mouldi"
"Brightspot Skate","Breviraja claramaculata"
"Seychelles Gulper Shark","Centrophorus seychellorum"
"Little Skate","Leucoraja erinacea"
"Rosette Skate","Leucoraja garmani"
"Prickly Deepsea Skate","Brochiraja spinifera"
"Narrow Skate","Okamejei heemstrai"
"Blackbelly Skate","Breviraja nigriventralis"
"Vermiculate Numbfish","Narcine vermiculata"
"Duskypurple Skate","Bathyraja matsubarai"
"Undulate Skate","Raja undulata"
"Arabian Carpetshark","Chiloscyllium arabicum"
"Tortugas Skate","Dipturus bullisi"
"Ornate Sleeper Ray","Electrolux addisoni"
"Comoro Catshark","Scyliorhinus comoroensis"
"Commander Skate","Bathyraja lindbergi"
"Mangrove Whipray","Urogymnus granulatus"
"Little Sleeper Shark","Somniosus rostratus"
"Japanese Spurdog","Squalus japonicus"
"Eastern Banded Catshark","Atelomycterus marnkalha"
"Southern Eagle Ray","Myliobatis goodei"
"Onefin Catshark","Pentanchus profundicolus"
"Japanese Shortnose Spurdog","Squalus brevirostris"
"Shorthorned Pygmy Devil Ray","Mobula kuhlii"
"Fanfin Skate","Pseudoraja fischeri"
"Hawaiian Lanternshark","Etmopterus villosus"
"Smooth Lanternshark","Etmopterus pusillus"
"Creamback Skate","Bathyraja tzinovskii"
"Brown Numbfish","Narcine timlei"
"Ocellate Skate","Rostroraja ackleyi"
"Spotted Guitarfish","Rhinobatos punctifer"
"Splendid Lanternshark","Etmopterus splendidus"
"Dwarf Catshark","Scyliorhinus torrei"
"Velvet Catshark","Parmaturus lanatus"
"White-margin Fin Smoothhound","Mustelus albipinnis"
"Broad Skate","Amblyraja badia"
"Common Stingray","Dasyatis pastinaca"
"Raspback Skate","Bathyraja isotrachys"
"Lollipop Catshark","Cephalurus cephalus"
"Taiwan Angelshark","Squatina formosa"
"Speckled Guitarfish","Pseudobatos glaucostigmus"
"Brownspotted Catshark","Scyliorhinus garmani"
"Madeira Skate","Raja maderensis"
"Longfin Sawtail Catshark","Galeus cadenati"
"Shagreen Skate","Leucoraja fullonica"
"Duskypink Skate","Bathyraja diplotaenia"
"Lusitanian Cownose Ray","Rhinoptera marginata"
"Sandy Skate","Leucoraja circularis"
"Roughnose Cowtail Ray","Pastinachus solocirostris"
"California Skate","Beringraja inornata"
NA,"Potamotrygon signata"
"Pygmy Ribbontail Catshark","Eridacnis radcliffei"
"Kermadec Spiny Dogfish","Squalus raoulensis"
"Smallbelly Catshark","Apristurus indicus"
"Alaska Skate","Bathyraja parmifera"
"Longnose Sawtail Catshark","Galeus longirostris"
NA,"Hydrolagus lusitanicus"
"Stripenose Guitarfish","Acroteriobatus variegatus"
"Smooth Skate","Malacoraja senta"
"Bengal Guitarfish","Rhinobatos annandalei"
"Roughtail Catshark","Galeus arae"
"Arabian Smoothhound","Mustelus mosis"
"American Legskate","Schroederobatis americana"
"Korean Skate","Hongeo koreana"
"Nursehound","Scyliorhinus stellaris"
"Blackspotted Smoothhound","Mustelus punctulatus"
"Pacific White Skate","Bathyraja spinosissima"
"Bigeye Skate","Okamejei meerdervoortii"
"Speckled Catshark","Halaelurus boesemani"
"Thornback Skate","Dentiraja lemprieri"
"Antarctic Starry Skate","Amblyraja georgiana"
"Jensen's Skate","Amblyraja jenseni"
"Yellowspotted Skate","Leucoraja wallacei"
"Aden Ring Skate","Orbiraja philipi"
"Longnose Legskate","Springeria longirostris"
"Daisy Whipray","Fontitrygon margarita"
"Melbourne Skate","Spiniraja whitleyi"
"Blackgill Catshark","Parmaturus melanobranchus"
"Springer's Sawtail Catshark","Galeus springeri"
"Harlequin Catshark","Ctenacis fehlmanni"
"Small Deepsea Skate","Brochiraja microspinifera"
"Bigeye Houndshark","Iago omanensis"
"Madagascar Pygmy Skate","Fenestraja maceachrani"
"Cristina's Skate","Bathyraja tunae"
"Brown Whipray","Maculabatis toshi"
"Slender Weasel Shark","Paragaleus randalli"
"Japanese Topeshark","Hemitriakis japanica"
"Whitefin Dogfish","Centroscyllium ritteri"
"Whitetip Catshark","Parmaturus albimarginatus"
"Sooty Skate","Rajella fuliginea"
"Round Stingray","Taeniurops grabatus"
"Hooktail Skate","Dipturus oregoni"
"Leopard Catshark","Poroderma pantherinum"
"Tentacled Butterfly Ray","Gymnura tentaculata"
"Blackbelly Lanternshark","Etmopterus lucifer"
"Narrowfin Smoothhound","Mustelus norrisi"
"Striped Panray","Zanobatus schoenleinii"
"Pearl Whipray","Fontitrygon margaritella"
"Black Dogfish","Centroscyllium fabricii"
"Carolina Dwarf Skate","Neoraja carolinensis"
"Chinese Numbfish","Narcine lingula"
"Finetooth Shark","Carcharhinus isodon"
"Ocellated Angelshark","Squatina tergocellatoides"
"Silvertip Shark","Carcharhinus albimarginatus"
"Lightnose Skate","Breviraja colesi"
"Bahama Skate","Rostroraja bahamensis"
"McCain's Skate","Bathyraja maccaini"
"Australian Cownose Ray","Rhinoptera neglecta"
"Grinning Izak Catshark","Holohalaelurus grennian"
"Yellow Spotted Skate","Okamejei hollandi"
"Bennett's Stingray","Hemitrygon bennetti"
"Dapplebellied Softnose Skate","Rhinoraja kujiensis"
"Bight Skate","Dipturus gudgeri"
"Meng's Skate","Okamejei mengae"
"Australian Weasel Shark","Hemigaleus australiensis"
"Round Whipray","Maculabatis pastinacoides"
"Reticulate Round Ray","Urotrygon reticulata"
"Thorny Skate","Amblyraja radiata"
"Straight-tooth Weasel Shark","Paragaleus tengi"
"Narrowtail Catshark","Schroederichthys maculatus"
"Tonkin Numbfish","Narcine prodorsalis"
"Tubemouth Whipray","Urogymnus lobistoma"
"Whitenose Whipray","Pateobatis uarnacoides"
"Indian Ring Skate","Orbiraja powelli"
"Whitelip Skate","Brochiraja albilabiata"
"Arrowhead Dogfish","Deania profundorum"
"Frog Shark","Somniosus longus"
"Western Looseskin Skate","Insentiraja subtilispinosa"
"Madagascar Numbfish","Narcine insolita"
"Greyspot Guitarfish","Acroteriobatus leucospilus"
"Skillet Skate","Dactylobatus armatus"
"Indonesian Bambooshark","Chiloscyllium hasselti"
"Japanese Angelshark","Squatina japonica"
"Pale Skate","Notoraja ochroderma"
"Smallspot Numbfish","Narcine maculata"
"Softnose Skate","Bathyraja smithii"
"Rosette Torpedo","Torpedo bauchotae"
"Japanese Wobbegong","Orectolobus japonicus"
"Bignose Shark","Carcharhinus altimus"
"San Blas Skate","Dipturus garricki"
"Whitespotted Whipray","Maculabatis gerrardi"
"Broadfin Sawtail Catshark","Galeus nipponensis"
"Bullnose Eagle Ray","Myliobatis freminvillei"
"Common Eagle Ray","Myliobatis aquila"
"Whitefin Smoothhound","Mustelus widodoi"
"Vermiculate River Stingray","Potamotrygon castexi"
"Maracaibo River Stingray","Potamotrygon yepezi"
"Izak Catshark","Holohalaelurus regani"
"Whitebelly Skate","Rhinoraja longicauda"
"Chinese Stingray","Hemitrygon sinensis"
"Longtailed Skate","Arhynchobatis asperrimus"
"Ornate Dogfish","Centroscyllium ornatum"
"Salamander Catshark","Parmaturus pilosus"
"Smalleye Stingray","Megatrygon microps"
"Azores Dogfish","Scymnodalatias garricki"
"Blackfin Pygmy Skate","Fenestraja atripinna"
"Combtooth Lanternshark","Etmopterus decacuspidatus"
"Biscuit Skate","Raja straeleni"
"Manzana Ray","Paratrygon aiereba"
"Indian Swellshark","Cephaloscyllium silasi"
"Prickly Skate","Fenestraja mamillidens"
"Okhotsk Skate","Bathyraja violacea"
"Longnose Skate","Beringraja rhina"
"Eastern Shovelnose Ray","Aptychotrema rostrata"
"Pelagic Thresher","Alopias pelagicus"
"Hortle's Whipray","Pateobatis hortlei"
"Mud Skate","Bathyraja taranetzi"
"Javelin Skate","Dipturus doutrei"
"Smooth Deepsea Skate","Brochiraja asperula"
"Yucatán Skate","Leucoraja yucatanensis"
"Leadhued Skate","Notoraja tobitukai"
"Saddled Carpetshark","Cirrhoscyllium japonicum"
"Spottail Sleeper Ray","Narke dipterygia"
"Taiwanese Pelagic Torpedo Ray","Tetronarce formosa"
NA,"Potamotrygon orbignyi"
"Caribbean Skate","Dipturus teevani"
"Golden Skate","Bathyraja smirnovi"
"Red Sea Torpedo","Torpedo suessii"
"Cape Sleeper Ray","Narke capensis"
"Pink Whipray","Pateobatis fai"
"Burmese Bambooshark","Chiloscyllium burmensis"
"Travancore Skate","Dipturus johannisdavisi"
"Yantai Stingray","Hemitrygon laevigata"
"Darkbelly Skate","Bathyraja meridionalis"
"Smalltooth Stingray","Hypanus rudis"
"Honeycomb Whipray","Himantura undulata"
"Mid-Atlantic Skate","Rajella kukujevi"
"Cinnamon Skate","Bathyraja fedorovi"
"Taiwanese Blind Electric Ray","Benthobatis yangi"
"Quagga Catshark","Halaelurus quagga"
"Cuckoo Skate","Leucoraja naevus"
"Tasmanian Numbfish","Narcinops tasmaniensis"
"Pacific Starry Skate","Beringraja stellulata"
"Japanese Butterfly Ray","Gymnura japonica"
"Winter Skate","Leucoraja ocellata"
"Eilat Sleeper Ray","Heteronarce bentuviai"
"Starspotted Smooth-hound","Mustelus manazo"
"Japanese Sawshark","Pristiophorus japonicus"
"Longsnout Dogfish","Deania quadrispinosa"
"Sharpspine Skate","Okamejei acutispina"
"Sydney Skate","Dentiraja australis"
"Indonesian Angel Shark","Squatina legnota"
"Whitetip Weasel Shark","Paragaleus leucolomatus"
"Sicklefin Smoothhound","Mustelus lunulatus"
"West African Skate","Bathyraja hesperafricana"
"Pluto Pygmy Skate","Fenestraja plutonia"
"Blue Stingray","Dasyatis chrysonota"
"Indonesian Speckled Catshark","Halaelurus maculosus"
"Spiny Skate","Okamejei kenojei"
"Mozambique Numbfish","Narcine rierai"
"Ghost Skate","Notoraja hirticauda"
"Brown Smoothhound","Mustelus henlei"
"Short-tail Lanternshark","Etmopterus brachyurus"
"Dark Shyshark","Haploblepharus pictus"
"Dwarf Spotted Wobbegong","Orectolobus parvimaculatus"
"Honeycomb Izak Catshark","Holohalaelurus favus"
"Roughbelly Skate","Dipturus springeri"
"Southern Round Skate","Irolita waitii"
"Gulf Pygmy Skate","Fenestraja sinusmexicanus"
"Porcupine River Stingray","Potamotrygon histrix"
"Clearnose Skate","Rostroraja eglanteria"
"Kerguelen Sandpaper Skate","Bathyraja irrasa"
"Oman Numbfish","Narcine atzi"
"Aleutian Skate","Bathyraja aleutica"
"Pacific Sharpnose Shark","Rhizoprionodon longurio"
"Soft Sleeper Ray","Heteronarce mollis"
"Floral Banded Wobbegong","Orectolobus floridus"
"Blue Pygmy Skate","Neoraja caerulea"
"Natal Shyshark","Haploblepharus kistnasamyi"
"Seychelles Spurdog","Squalus lalannei"
"Mottled Skate","Beringraja pulchra"
"Narrow Legskate","Sinobatis stenosoma"
"Pale Catshark","Apristurus sibogae"
"Speckled Skate","Raja polystigma"
"Sixgill Stingray","Hexatrygon bickelli"
"African Spotted Catshark","Holohalaelurus punctatus"
"Longtail Torpedo Ray","Tetronarce tokionis"
"Smoothback Guitarfish","Rhinobatos lionotus"
"Triangular Legskate","Cruriraja parcomaculata"
"Taiwan Saddled Carpetshark","Cirrhoscyllium formosanum"
"Blackspotted Catshark","Halaelurus buergeri"
"Leafnose Legskate","Springeria folirostris"
"Rough Pygmy Skate","Cruriraja rugosa"
"Fine-spined Skate","Bathyraja microtrachys"
"Whitedapple Skate","Leucoraja leucosticta"
"Roundel Skate","Rostroraja texana"
"Giant Freshwater Stingray","Potamotrygon brachyura"
"Enigma Skate","Brochiraja aenigma"
"Spinytail Round Ray","Urotrygon aspidura"
"Bigeye Numbfish","Narcine oculifera"
"Blonde Skate","Raja brachyura"
"Cuban Pygmy Skate","Fenestraja cubensis"
"Equatorial Skate","Rostroraja equatorialis"
"Hooktooth Shark","Chaenogaleus macrostoma"
"Bigeye Thresher","Alopias superciliosus"
"Speckled Guitarfish","Acroteriobatus ocellatus"
"Chindwin Cowtail Ray","Makararaja chindwinensis"
"Antenna Ray","Plesiotrygon iwamae"
"Western Numbfish","Narcinops lasti"
"Eremo Skate","Bathyraja trachouros"
"Purplebelly Skate","Rajella purpuriventralis"
"Bighead Spurdog","Squalus bucephalus"
"Tigertail Skate","Leucoraja compagnoi"
"Mouse Catshark","Galeus murinus"
"Sandpaper Skate","Bathyraja kincaidii"
"Atlantic Weasel Shark","Paragaleus pectoralis"
"Spinose Skate","Breviraja spinosa"
"Banded Wobbegong","Orectolobus halei"
"Andaman Pygmy Skate","Cruriraja andamanica"
"Poey's Pygmy Skate","Cruriraja poeyi"
"Atlantic Pygmy Skate","Cruriraja atlantis"
"Japanese Bullhead Shark","Heterodontus japonicus"
"Spotless Smooth-hound","Mustelus griseus"
"Cortez Numbfish","Narcine entemedor"
"Knifetooth Dogfish","Scymnodon ringens"
"Spreadfin Skate","Dipturus olseni"
"Roughback Whipray","Fluvitrygon kittipongi"
"Oman Bullhead Shark","Heterodontus omanensis"
"Annandale's Skate","Rajella annandalei"
"Bottom Skate","Bathyraja bergi"
"Pita Skate","Raja pita"
"Browneye Skate","Okamejei schmidti"
"White-clasper Catshark","Parmaturus albipenis"
"Bengal Whipray","Brevitrygon imbricata"
"Norwegian Skate","Dipturus nidarosiensis"
"Munda Round Ray","Urotrygon munda"
"Pelagic Stingray","Pteroplatytrygon violacea"
"Antilles Catshark","Galeus antillensis"
"Graceful Catshark","Proscyllium habereri"
"Boeseman's Skate","Okamejei boesemani"
"Bali Catshark","Atelomycterus baliensis"
"Bigtail Skate","Dipturus macrocauda"
"Eaton's Skate","Bathyraja eatonii"
"Highfin Dogfish","Centroscyllium excelsum"
"Blackfish Stingray","Hemitrygon navarrae"
"Oda Skate","Rhinoraja odai"
"Freckled Guitarfish","Pseudobatos lentiginosus"
"Jenkins' Whipray","Pateobatis jenkinsii"
"Finless Sleeper ray","Temera hardwickii"
"Natal Sleeper Ray","Heteronarce garmani"
"Dwarf Round Ray","Urotrygon nana"
"Marbled Stingray","Dasyatis marmorata"
"Shortfin Mako","Isurus oxyrinchus"
"Shortfin Mako","Isurus oxyrinchus"
"Shortfin Mako","Isurus oxyrinchus"
"Smallfin Gulper Shark","Centrophorus moluccensis"
"Thorny River Stingray","Potamotrygon constellata"
"Red-blotched River Stingray","Potamotrygon ocellata"
"Cook’s Swellshark","Cephaloscyllium cooki"
"Flagtail Swellshark","Cephaloscyllium signourum"
"Freshwater Whipray","Urogymnus dalyensis"
"Giant Freshwater Whipray","Urogymnus polylepis"
"Starry Catshark","Asymbolus galacticus"
"Reticulate Swellshark","Cephaloscyllium hiscosellum"
"Phallic Catshark","Galeus priapus"
"Eastern Spotted Gummy Shark","Mustelus walkeri"
"Whitefin Chimaera","Chimaera argiloba"
"Bahamas Ghostshark","Chimaera bahamaensis"
"Southern Chimaera","Chimaera fulva"
"Longspine Chimaera","Chimaera macrospina"
"Cape Chimaera","Chimaera notafricana"
"Shortspine Chimaera","Chimaera obscura"
"Black Ghostshark","Hydrolagus homonycteris"
"Marbled Ghostshark","Hydrolagus marmoratus"
"Eastern Pacific Ghostshark","Hydrolagus melanophasma"
"Gale's Epaulette Shark","Hemiscyllium galei"
"Henry's Epaulette Shark","Hemiscyllium henryi"
"Michael's Epaulette Shark","Hemiscyllium michaeli"
"Network Wobbegong","Orectolobus reticulatus"
"Elongate Carpetshark","Parascyllium elongatum"
"Dwarf Black Stingray","Hemitrygon parvonigra"
"Pygmy Thornback Skate","Dentiraja flindersi"
"Deepwater Skate","Dipturus acrobelus"
"Pale Tropical Skate","Dipturus apricus"
"Endeavour Skate","Dentiraja endeavouri"
"False Argus Skate","Dentiraja falloarga"
"Graham's Skate","Dipturus grahamorum"
"Heald's Skate","Dentiraja healdi"
"Blacktip Skate","Dipturus melanospilus"
"Ocellate Skate","Dentiraja oculus"
"Queensland Deepwater Skate","Dipturus queenslandicus"
"Weng's Skate","Dipturus wengi"
"Wu's Skate","Dipturus wuhanlingi"
"Blackspotted Whipray","Maculabatis astra"
"Leopard Whipray","Himantura leoparda"
"Western Round Skate","Irolita westraliensis"
"Sawback Skate","Leucoraja pristispina"
"Reef Manta Ray","Mobula alfredi"
"Eastern Numbfish","Narcinops nelsoni"
"Ornate Numbfish","Narcinops ornata"
"Ningaloo Maskray","Neotrygon ningalooensis"
"Speckled Maskray","Neotrygon picta"
"Blue Skate","Notoraja azurea"
"Broken Ridge Skate","Notoraja lira"
"Sapphire Skate","Notoraja sapphira"
"Blotched Skate","Notoraja sticta"
"Arafura Skate","Okamejei arafurensis"
"Thintail Skate","Okamejei leptoura"
"Sandy Skate","Pavoraja arenaria"
"Mosaic Skate","Pavoraja mosaica"
"False Peacock Skate","Pavoraja pseudonitida"
"Oman Cownose Ray","Rhinoptera jayakari"
"Eyebrow Wedgefish","Rhynchobatus palpebratus"
"Western Legskate","Sinobatis bulbicauda"
"Blue Legskate","Sinobatis caerulea"
"Eastern Legskate","Sinobatis filicauda"
"Western Gulper Shark","Centrophorus westraliensis"
"Northern Spiny Dogfish","Squalus griffini"
"North Pacific Spiny Dogfish","Squalus suckleyi"
"Southern African Frilled Shark","Chlamydoselachus africana"
"Round Skate","Rajella fyllae"
"Atlantic Angelshark","Squatina dumeril"
"Oceanic Manta Ray","Mobula birostris"
"The Raja Ampat Epaulette Shark","Hemiscyllium freycineti"
"Argus Skate","Dentiraja polyommata"
"Grey Skate","Dipturus canutus"
"California Butterfly Ray","Gymnura marmorata"
"Mazatlan Butterfly Ray","Gymnura crebripunctata"
"Endeavour Dogfish","Centrophorus moluccensis"
"Endeavour Dogfish","Centrophorus moluccensis"
"Largetooth Sawfish","Pristis pristis"
"Opal Chimaera","Chimaera opalescens"
"Flapper Skate","Dipturus intermedius"
"Tortonese's Stingray","Dasyatis tortonesei"
"Whitespotted Eagle Ray","Aetobatus narinari"
"Spotted Eagle Ray","Aetobatus ocellatus"
"Roughnose Legskate","Cruriraja hulleyi"
"Southern Fiddler Ray","Trygonorrhina dumerilii"
"Arabian Banded Whipray","Maculabatis randalli"
"Raya Amazonica","Potamotrygon tigrina"
"Australian Blackspot Shark","Carcharhinus coatesi"
"Whitecheek Shark","Carcharhinus dussumieri"
"Indonesian Whaler Shark","Carcharhinus tjutjot"
"Dusky Skate","Pavoraja umbrosa"
"Broad Cowtail Ray","Pastinachus ater"
"Cowtail Ray","Pastinachus sephen"
"Southern Eagle Ray","Myliobatis tenuicaudatus"
"Longnose Skate","Dentiraja confusa"
"Challenger Skate","Rajella challengeri"
"Zebra Shark","Stegostoma tigrinum"
"Zebra Shark","Stegostoma tigrinum"
"Leopard Skate","Bathyraja panthera"
"South African Torpedo","Tetronarce cowleyi"
"Banded Eagle Ray","Aetomylaeus nichofii"
"Blue-banded Eagle Ray","Aetomylaeus caeruleofasciatus"
"Spiny Dogfish","Squalus acanthias"
"African Dwarf Sawshark","Pristiophorus nancyae"
"Dwarf False Catshark","Planonasus parini"
"Shortbelly Catshark","Apristurus breviventralis"
"Borneo Guitarfish","Rhinobatos borneensis"
"Brown Guitarfish","Rhinobatos schlegelii"
"Philippine Guitarfish","Rhinobatos whitei"
"Taiwanese Wedgefish","Rhynchobatus immaculatus"
"Pacific Eagle Ray","Aetobatus laticeps"
"Naru Eagle Ray","Aetobatus narutobiei"
"Ocellate Eagle Ray","Aetomylaeus milvus"
"Shortnose Eagle Ray","Myliobatis ridens"
"Smooth Stingray","Bathytoshia brevicaudata"
"Blackchin Guitarfish","Glaucostegus cemiculus"
"Giant Guitarfish","Glaucostegus typus"
"Roughtail Stingray","Bathytoshia centroura"
"Brown Stingray","Bathytoshia lata"
"Pale-edge Sharpnose Ray","Telatrygon zugei"
"Indian Sharpnose Ray","Telatrygon crozieri"
"Merauke Stingray","Hemitrygon longicauda"
"Australian Bluespotted Maskray","Neotrygon australiae"
"Bluespotted Maskray","Neotrygon caeruleopunctata"
"Oriental Bluespotted Maskray","Neotrygon orientalis"
"Coral Sea Maskray","Neotrygon trigonoides"
"Mahogany Maskray","Neotrygon varidens"
"Scaly Whipray","Brevitrygon walga"
"Dwarf Whipray","Brevitrygon heterura"
"Javan Whipray","Brevitrygon javaensis"
"Sharpnose Whipray","Maculabatis macrura"
"Bleeker's Whipray","Pateobatis bleekeri"
"Narrow Cowtail Ray","Pastinachus gracilicaudus"
"Starrynose Cowtail Ray","Pastinachus stellurostris"
"Oman Guitarfish","Acroteriobatus omanensis"
"Ornate Skate","Okamejei ornata"
"Pakistan Whipray","Maculabatis arabica"
"Shorttail Whipray","Maculabatis bineeshi"
"Baraka's Whipray","Maculabatis ambigua"
"Human's Whaler Shark","Carcharhinus humani"
"Spinetail Devil Ray","Mobula mobular"
"Narrowhead Catshark","Bythaelurus tenuicephalus"
"Sulu Ring Skate","Orbiraja jensenae"
"Lost Shark","Carcharhinus obsoletus"
"Kuhl's Maskray","Neotrygon kuhlii"
"Bluespotted Lagoon Ray","Taeniura lymma"
"Oceania Fantail Ray","Taeniura lessoni"
"Australian Whipray","Himantura australis"
"Indonesian Sharpnose Ray","Telatrygon biasa"
"Southern Lanternshark","Etmopterus granulosus"
"Garrick's Catshark","Apristurus garricki"
"Largespine Velvet Shark","Centroscymnus macracanthus"
"Great Torpedo Ray","Tetronarce nobiliana"
"Western Atlantic Torpedo Ray","Tetronarce occidentalis"
"Blind Electric Ray","Typhlonarke aysoni"
"Domino Skate","Bathyraja leucomelanos"
"Pacific Blonde Skate","Bathyraja pacifica"
"Eureka Skate","Brochiraja heuresa"
"Ribbontail Skate","Brochiraja vittacauda"
"Velcro Skate","Notoraja alisae"
"Fijian Velvet Skate","Notoraja fijiensis"
"Strange Skate","Notoraja inusitata"
"Longlobe Velvet Skate","Notoraja longiventralis"
"Brown Chimaera","Chimaera carophila"
"Traveller Lanternshark","Etmopterus viator"
"Cailliet's Angelshark","Squatina caillieti"
"David's Angelshark","Squatina david"
"Milk-eye Catshark","Apristurus nakayai"
"African Longnose Spurdog","Squalus bassi"
"Malagasy Skinny Spurdog","Squalus mahia"
"Smith's Spurdog","Squalus margaretsmithae"
"Whitecheek Lanternshark","Etmopterus alphus"
"Brown Lanternshark","Etmopterus compagnoi"
"Sculpted Lanternshark","Etmopterus sculptus"
"Bach's Catshark","Bythaelurus bachi"
"Duskysnout Catshark","Bythaelurus naylori"
"Austin's Guitarfish","Rhinobatos austini"
"Twineye Skate","Raja ocellifera"
"Sparsethorn Skate","Rajella paucispinosa"
"Dark-mouth Chimaera","Chimaera buccanigella"
"Falkor Chimaera","Chimaera didierae"
"Seafarer’s Ghostshark","Chimaera willwatchi"
"Robin's Ghostshark","Hydrolagus erithacus"
"Bluntnose Spurdog","Squalus acutipinnis"
"Bluespotted Bambooshark","Chiloscyllium caeruleopunctatum"
"Shortnose Spurdog","Squalus megalops"
"Whitespotted Bambooshark","Chiloscyllium plagiosum"
"Brown Skate","Raja miraletus"
"Brown Lanternshark","Etmopterus unicolor"
"Atlantic Pygmy Devil Ray","Mobula hypostoma"
"Eastern Pacific Black Chimaera","Chimaera orientalis"
"Brazilian Whitetail Dogfish","Squalus albicaudus"
"Northeastern Brazilian Dogfish","Squalus bahiensis"
"Atlantic Lobefin Dogfish","Squalus lobularis"
"Western Humpback Dogfish","Squalus quasimodo"
"Cabo Frio Catshark","Scyliorhinus cabofriensis"
"Dark-Freckled Catshark","Scyliorhinus ugoi"
"Castello's Apron Numbfish","Discopyge castelloi"
"Argentine Skate","Dipturus argentinensis"
"Vari's Angelshark","Squatina varii"
"False Shark Ray","Rhynchorhina mauritaniensis"
"Angular Angelshark","Squatina guggenheim"
"Freckled Catshark","Scyliorhinus haeckelii"
"Ogilby’s Chimaera","Chimaera ogilbyi"
"Mud Catshark","Bythaelurus lutarius"
"Vivaldi's Catshark","Bythaelurus vivaldii"
"Error Seamount Catshark","Bythaelurus stewarti"
"Ninja Lanternshark","Etmopterus benchleyi"
"Smalltail Shark","Carcharhinus porosus"
"Pacific Smalltail Shark","Carcharhinus cerdale"
"Atlantic Nurse Shark","Ginglymostoma cirratum"
"Pacific Nurse Shark","Ginglymostoma unami"
"Galápagos Catshark","Bythaelurus giddingsi"
"Barbedwire-tailed Skate","Notoraja martinezi"
"Yellownose Skate","Dipturus chilensis"
"Shorttail Yellownose Skate","Dipturus brevicaudatus"
"Leopard Round Ray","Urobatis pardalis"
"Cimar Round Ray","Urotrygon cimar"
"Pacific Chupare","Styracura pacifica"
"Brazilian Filetail Catshark","Parmaturus angelae"
"Bigeyed Sixgill Shark","Hexanchus nakamurai"
"Atlantic Sixgill Shark","Hexanchus vitulus"
"Genie’s Dogfish","Squalus clarkae"
"Shortspine Spurdog","Squalus mitsukurii"
"Carolina Hammerhead","Sphyrna gilberti"
"Lessa's Butterfly Ray","Gymnura lessae"
"Smooth Butterfly Ray","Gymnura micrura"
"American Pocket Shark","Mollisquama mississippiensis"
"Spadenose Guitarfish","Pseudobatos buthi"
"Smallspotted Catshark","Scyliorhinus canicula"
"Torazame Catshark","Scyliorhinus torazame"
"Hawaiian Spurdog","Squalus hawaiiensis"
"Reticulated Swellshark","Cephaloscyllium fasciatum"
"Laila’s Lanternshark","Etmopterus lailae"
"Marsha's Lanternshark","Etmopterus marshae"
"Papuan Lanternshark","Etmopterus samadiae"
"Lana's Sawshark","Pristiophorus lanae"
"Yang's Longnose Catshark","Apristurus yangi"
"Corrigan's Catshark","Galeus corriganae"
"Indonesian Filetail Catshark","Parmaturus nigripalatum"
"Painted Swellshark","Cephaloscyllium pictum"
"Steven's Swellshark","Cephaloscyllium stevensi"
"Sulu Gollum Shark","Gollum suluensis"
"Eastern Dwarf False Catshark","Planonasus indicus"
"Ridgeback Skate","Dipturus amphispinus"
"Papuan Velvet Skate","Notoraja sereti"
"Andaman Legskate","Sinobatis andamanensis"
"Shorttail Legskate","Sinobatis brevicauda"
"Kotlyar's Legskate","Sinobatis kotlyari"
"Longfin Gulper Shark","Centrophorus longipinnis"
"African Gulper Shark","Centrophorus lesliei"
"Gulper Shark","Centrophorus granulosus"
"Taiwan Spurdog","Squalus formosus"
"Longnose Spurdog","Squalus blainville"
"Shortfin Smooth Lanternshark","Etmopterus joungi"
"Formosa Swellshark","Cephaloscyllium formosanum"
"Japanese Swellshark","Cephaloscyllium umbratile"
"New Spadenose Shark","Scoliodon macrorhynchos"
"Spadenose Shark","Scoliodon laticaudus"
"Hyuga Fanray","Platyrhina hyugaensis"
"Yellow-spotted Fanray","Platyrhina tangi"
"Chinese Fanray","Platyrhina sinensis"
"Polkadot Skate","Dipturus chinensis"
"Borneo Legskate","Sinobatis borneensis"
"Longhead Eagle Ray","Aetobatus flagellum"
"Ganges Shark","Glyphis gangeticus"
"Borneo Broadfin Shark","Lamiopsis tephrodes"
"Broadfin Shark","Lamiopsis temminckii"
"Ambon Catshark","Akheilos suwartanai"
"Warren's Sixgill Sawshark","Pliotrema warreni"
"Kaja's Sixgill Sawshark","Pliotrema kajae"
"Anna's Sixgill Sawshark","Pliotrema annae"
"Magnificent Catshark","Proscyllium magnificum"
"Spotted-belly Catshark","Atelomycterus erdmanni"
"Indonesian Houndshark","Hemitriakis indroyonoi"
"Halmahera Epaulette Shark","Hemiscyllium halmahera"
"Indonesian Wobbegong","Orectolobus leptolineatus"
"Borneo Sand Skate","Okamejei cairae"
"Papuan Guitarfish","Rhinobatos manai"
"Ranong Guitarfish","Rhinobatos ranongensis"
NA,"Narcine baliensis"
"Indian Fanray","Platyrhina psomadakisi"
"Warrah Skate","Dipturus lamillai"
"Seret's Butterfly Ray","Gymnura sereti"
"Lutz's Stingray","Hypanus berthalutzae"
"Southern Stingray","Hypanus americanus"
"Heins’ Stingray","Hemitrygon yemenensis"
"Taiwan Sleeper Shark","Somniosus cheni"
"Maculate Panray","Zanobatus maculatus"
"Shortfin Sandskate","Psammobatis normani"
"African Brown Skate","Raja parva"
"Branco River Freshwater Stingray","Potamotrygon adamastor"
"Upper Amazon Raspy Freshwater Stingray","Potamotrygon amazona"
"Madeira Freshwater Stingray","Potamotrygon limai"
"Elaine’s Skate","Leucoraja elaineae"
"Boretz's Dogfish","Squalus boretzi"
"Simushir Skate","Arctoraja sexoculata"
"Mumburarr Whipray","Urogymnus acanthobothrium"
"Coach Whipray","Himantura uarnak"
"Chilean Torpedo","Tetronarce tremens"
"Japanese Sleeper Ray","Narke japonica"
"Common Blue Skate","Dipturus batis"
"Barrie’s Lanternshark","Etmopterus brosei"
"Andaman Smoothhound","Mustelus andamanensis"
"Western Blue Skate","Notoraja hesperindica"
"Dark-mouth Skate","Bathyraja arctowskii"
"Stubby Chimaera","Chimaera compacta"
"Bangladeshi Guitarfish","Glaucostegus younholeei"
